{
  "name": "egosyn",
  "sensor": [1, 1],
  "size": [1280, 1024],
  "animated": 0,
  "intrinsic":   [
    [500, 0, 6.597087109684564E+02, 0],
    [0, 500, 5.300556618148025E+02, 0],
    [0, 0, 1, 0],
    [0, 0, 0, 1]
  ],
  "imageCircleRadius": 5.120000000000000E+02,
  "polynomialC2W":  [-2.924126419694919E+02,  0.000000000000000E+00,  1.075613595858202E-03,  2.072664555244253E-07,
    4.493499097653669E-10, -1.192028310212584E-15, -1.822337421183959E-17],
  "polynomialW2C":  [4.785893205484341E+02,  3.503715828980770E+02,  7.900065565120241E+01,  6.228794005673283E+01,
    3.264466851189552E+01,  1.568380500967838E+01,  7.766879336977007E+00,  2.190791369989537E+00,
    -1.084229689289942E-01, -1.903842667463734E-01, -2.776267870029922E-02],
  "affine":      [9.997488697329212E-01, -2.240239372797548E-04, 3.318272123957599E-04],
  "extrinsic":   [
    [1, 0, 0, 0],
    [0, 1, 0, 0],
    [0, 0, 1, 0],
    [0, 0, 0, 1]
  ],
  "radial":0
}

